gf_module,gf_intervention,module,intervention,cost_category,sda_activity,budget,disease_lang_concat,corrected_module,corrected_intervention
Comprehensive prevention programs for transgender people,"Addressing stigma, discrimination and violence against transgender people",programasdeprevencionintegralparapersonastransgenero,abordarelestigmaladiscriminacionylaviolenciacontrapersonastransgenero,"2.4 Viáticos, transporte y otros costos relacionados con reuniones/defensa de la causa",Conversatorios para la eliminación del estigma y discriminación por Transfobia a realizarse a nivel local con actores clave,9600,hivesp,Comprehensive prevention programs for transgender people,"Addressing stigma, discrimination and violence against transgender people"
Health management information system and monitoring and evaluation,"Analysis, review and transparency",suivietevaluation,analyseexamenettransparence,2.2 Indemnités journalières liés à l'assistance technique/transports/autres coût,Appuyer l'organisation d'une etude sur l'impact de la participation communautaire dans la lutte contre la TB,NA,hivfr,Health management information system and monitoring and evaluation,"Analysis, review and transparency"
Health management information system and monitoring and evaluation,"Analysis, review and transparency",suivietevaluation,analyseexamenettransparence,2.4 Indemnités journalières liés à la sensibilisation/ transport/réunion/ et autres coût,Organiser l'atelier de finalisation du manuel de référence et contre référence dans le centre de prise en charge TB et VIH,NA,hivfr,Health management information system and monitoring and evaluation,"Analysis, review and transparency"
Health management information system and monitoring and evaluation,"Analysis, review and transparency",systcmesdesanteresiliantsetperennessystcmedegestiondelinformationsanitaireetsuivietevaluation,analyseevaluationsrevuesettransparence,"10.1 Supports imprimés (formulaires, livres, directives, brochure, dépliants...)",Reproduction des Outils des SSC,0,malariafr,Health management information system and monitoring and evaluation,"Analysis, review and transparency"
Health management information system and monitoring and evaluation,"Analysis, review and transparency",systcmesdesanteresiliantsetperennessystcmedegestiondelinformationsanitaireetsuivietevaluation,analyseevaluationsrevuesettransparence,2.3 Indemnités journalières liés à la supervision/enquête/collecte de données/transport/autres coût,Assurer les Missions de suivi Cluster,35915.5,hivfr,Health management information system and monitoring and evaluation,"Analysis, review and transparency"
Health management information system and monitoring and evaluation,"Analysis, review and transparency",systcmesdesanteresiliantsetperennessystcmedegestiondelinformationsanitaireetsuivietevaluation,analyseevaluationsrevuesettransparence,2.3 Indemnités journalières liés à la supervision/enquête/collecte de données/transport/autres coût,"Tenir les réunions  trimestrielles des validations des  données dans 26 DPS (104 réunions par an: l'an 1, l'an 2 et l'an 3)",NA,tbfr,Health management information system and monitoring and evaluation,"Analysis, review and transparency"
Prevention programs for general population,Behavioral interventions as part of programs for the general population,preventionpopulationgenerale,changementdecomportementdanslecadredesprogrammesdestinesslapopulationgenerale,9.3 Autre équipement non sanitaire,Doter/Assurer la maintenance les ZS des KIT VIDEO (61 nouvelles ZS),NA,hivfr,Prevention programs for general population,Behavioral interventions as part of programs for the general population
Comprehensive prevention programs for men who have sex with men,Behavioral interventions for men who have sex with men,programmesdepreventioncompletsdestinesauxhommesayantdesrapportssexuelsavecdeshommeshsh,interventionspourlechangementdecomportementciblantleshsh,2.4 Indemnités journalières liés à la sensibilisation/ transport/réunion/ et autres coût,"Organiser des rencontres spéciales avec les MSM pendant les evenements spéciaux dans 11 province (journée internationale de lutte contre l'homophobie (mai), journée internationale zero discrimination (mars), saint valentin (fevrier)",NA,hivfr,Comprehensive prevention programs for men who have sex with men,"Addressing stigma, discrimination and violence against men who have sex with men"
TB care and prevention,Case detection and diagnosis,atencionyprevenciondetuberculosis,detecciondecasosydiagnostico,5.8 Otros productos fungibles,Adquisición de equipo para el laboratorio del Hospital Infantil de Infectología,NA,tbesp,TB care and prevention,Case detection and diagnosis
TB care and prevention,Case detection and diagnosis,atencionyprevenciondetuberculosis,detecciondecasosydiagnostico,6.3 Microscopios,Adquisición de equipo de laboratorio para implementación del plan piloto en grandes ciudades,NA,tbesp,TB care and prevention,Case detection and diagnosis
TB care and prevention,Case detection and diagnosis,atencionyprevenciondetuberculosis,detecciondecasosydiagnostico,6.5 Costos de servicio y mantenimiento del equipamiento sanitario,Mantenimiento de equipos de laboratorio,17136.49714,tbesp,TB care and prevention,Case detection and diagnosis
TB care and prevention,Case detection and diagnosis,atencionyprevenciondetuberculosis,detecciondecasosydiagnostico,9.3 Otro equipamiento no sanitario,Adquisición de equipo para el laboratorio del Hospital Infantil de Infectología,NA,tbesp,TB care and prevention,Case detection and diagnosis
TB care and prevention,Case detection and diagnosis,tbcareandprevention,casedetectionanddiagnosis,3.1 TA Fees - Consultants,Develop and Review normative guidance;,NA,tbeng,TB care and prevention,Case detection and diagnosis
TB care and prevention,Case detection and diagnosis,tbcareandprevention,casedetectionanddiagnosis,5.6 Laboratory reagents,Procure Genexpert Catridges,0,tbeng,TB care and prevention,Case detection and diagnosis
TB care and prevention,Case detection and diagnosis,tbcareandprevention,casedetectionanddiagnosis,6.0 Health Products - Equipment (HPE),Procure Genexpert IV machines and accessories,0,tbeng,TB care and prevention,Case detection and diagnosis
TB care and prevention,Case detection and diagnosis,tbcareandprevention,casedetectionanddiagnosis,6.0 Health Products - Equipment (HPE),Procure Genexpert IV machines and accessories,0,tbeng,TB care and prevention,Case detection and diagnosis
TB care and prevention,Case detection and diagnosis,priseenchargeetpreventiondelatuberculose,depistageetdiagnosticdesmaladies,2.3 Indemnités journalières liés à la supervision/enquête/collecte de données/transport/autres coût,Assurer la maintenance des microscopes,11645,tbfr,TB care and prevention,Case detection and diagnosis
TB care and prevention,Case detection and diagnosis,priseenchargeetpreventiondelatuberculose,depistageetdiagnosticdesmaladies,6.4 Équipement de dépistage moléculaire de la tuberculose,Acquérir des équipements pour le diagnostic de la TB,NA,tbfr,TB care and prevention,Case detection and diagnosis
Multidrug-resistant TB,Case detection and diagnosis: MDR-TB,paqueteparatbmr,detecciondecasosydiagnosticotbmr,5.6 Reactivos de laboratorio,"Dotar de insumos y materiales al LNS para el diagnóstico bacteriológico de Tuberculosis, a través de la adquisición de reactivos de laboratorio",NA,tbesp,Multidrug-resistant TB,Case detection and diagnosis: MDR-TB
Multidrug-resistant TB,Case detection and diagnosis: MDR-TB,paqueteparatbmr,detecciondecasosydiagnosticotbmr,5.6 Reactivos de laboratorio,"Dotar de insumos y materiales al LNS para el diagnóstico bacteriológico de Tuberculosis, a través de la adquisición de reactivos de laboratorio",NA,tbesp,Multidrug-resistant TB,Case detection and diagnosis: MDR-TB
Multidrug-resistant TB,Case detection and diagnosis: MDR-TB,tuberculosemultiresistante,depistageetdiagnosticdesmaladies,7.6 Dédouanement lié à la GAS,Payer les frais de transitaires pour 2 kits DST,NA,tbfr,Multidrug-resistant TB,Case detection and diagnosis: MDR-TB
Multidrug-resistant TB,Community MDR-TB care delivery,paqueteparatbmr,prestaciondeserviciosdeatenciondelatuberculosisenlacomunidad,8.2 Renovaciones y construcciones,Remozamiento del módulo MDR del Hospital San Vicente,NA,tbesp,Multidrug-resistant TB,Community MDR-TB care delivery
TB care and prevention,Community TB care delivery,priseenchargeetpreventiondelatuberculose,priseenchargecommunautairedelatuberculose,12.3 Incitations financières / versement accordés aux patients / bénéficiaires / conseillers / médiateurs,Organiser la recherche active de la TB auprès de tous les contacts des patients bactérioligiquement confirmés (TB MDR),16390.5,tbfr,TB care and prevention,Community TB care delivery
Comprehensive prevention programs for sex workers and their clients,Diagnosis and treatment of sexually transmitted infections and other sexual and reproductive health services for sex workers,prevencionprofesionalesdelsexoysusclientes,diagnosticoytratamientodeitscomopartedeprogramasparaprofesionalesdelsexoysusclientes,5.6 Reactivos de laboratorio,"Prueba ELISA para el diagnóstico de hepatitis B, infecciones pasadas para población MTS",NA,hivesp,Comprehensive prevention programs for sex workers and their clients,Diagnosis and treatment of sexually transmitted infections and other sexual and reproductive health services for sex workers
Comprehensive prevention programs for transgender people,Condoms and lubricant programming for transgender people,programmesdepreventioncompletsdestinesauxtransgenres,programmesrelatifsauxpreservatifsetauxlubrifiantspourlestransgenres,2.1 Indemnités journalières liés à la formation/transports/autres coûts,Former 120 Transgenres dans la gestion et la distribution des préservation dans le cadre du réseau des OAC,0,hivfr,Comprehensive prevention programs for transgender people,Condoms and lubricant programming for transgender people
Prevention programs for general population,Condoms as part of programs for the general population,preventionprogramsforgeneralpopulation,condomsaspartofprogramsforgeneralpopulation,5.2 Condoms - Male,Procure Condoms,2706284.14,hiveng,Prevention programs for general population,Condoms as part of programs for the general population
Comprehensive prevention programs for men who have sex with men,Behavioral interventions for men who have sex with men,prevencionhombresquetienenrelacionessexualesconhombresypersonastransgenero,cambiodecomportamientocomopartedeprogramasparahombresquetienenrelacionessexualesconhombresypersonastransgenero,11.1  Costos relacionados con oficinas,"Paquete de gastos generales para SR tipo B de HSH
- alquiler
- servicios publicos
- gastos de comunicación
- papeleria y utiles
- suministros de limpieza",1788.245229,hivesp,Comprehensive prevention programs for men who have sex with men,Behavioral interventions for men who have sex with men
Comprehensive prevention programs for men who have sex with men,Behavioral interventions for men who have sex with men,prevencionhombresquetienenrelacionessexualesconhombresypersonastransgenero,cambiodecomportamientocomopartedeprogramasparahombresquetienenrelacionessexualesconhombresypersonastransgenero,"2.1 Viáticos, transporte y otros costos relacionados con capacitaciones",Dos reuniones para comunicación para Cambio de Comportamiento  con SR (2 días) - 30 personas,NA,hivesp,Comprehensive prevention programs for men who have sex with men,Behavioral interventions for men who have sex with men
Comprehensive prevention programs for men who have sex with men,Behavioral interventions for men who have sex with men,prevencionhombresquetienenrelacionessexualesconhombresypersonastransgenero,cambiodecomportamientocomopartedeprogramasparahombresquetienenrelacionessexualesconhombresypersonastransgenero,"2.1 Viáticos, transporte y otros costos relacionados con capacitaciones","Paquete de viáticos para SR tipo A - HSH
- alimnetación
- transporte
- hospedaje",NA,hivesp,Comprehensive prevention programs for men who have sex with men,Behavioral interventions for men who have sex with men
Comprehensive prevention programs for men who have sex with men,Behavioral interventions for men who have sex with men,prevencionhombresquetienenrelacionessexualesconhombresypersonastransgenero,cambiodecomportamientocomopartedeprogramasparahombresquetienenrelacionessexualesconhombresypersonastransgenero,"2.1 Viáticos, transporte y otros costos relacionados con capacitaciones","Paquete de viáticos para SR tipo A - HSH
- alimnetación
- transporte
- hospedaje",5547.049021,hivesp,Comprehensive prevention programs for men who have sex with men,Behavioral interventions for men who have sex with men
Comprehensive prevention programs for men who have sex with men,Behavioral interventions for men who have sex with men,prevencionhombresquetienenrelacionessexualesconhombresypersonastransgenero,cambiodecomportamientocomopartedeprogramasparahombresquetienenrelacionessexualesconhombresypersonastransgenero,"2.2 Viáticos, transporte y otros costos relacionados con asistencia técnica","Costos relacionados para actividades de intervención para SR tipo A - HSH
- facilitación",NA,hivesp,Comprehensive prevention programs for men who have sex with men,Behavioral interventions for men who have sex with men
Comprehensive prevention programs for men who have sex with men,Behavioral interventions for men who have sex with men,prevencionhombresquetienenrelacionessexualesconhombresypersonastransgenero,cambiodecomportamientocomopartedeprogramasparahombresquetienenrelacionessexualesconhombresypersonastransgenero,"2.4 Viáticos, transporte y otros costos relacionados con reuniones/defensa de la causa",Paquete de costo para conmemoraciones en actividades de población - SR tipo B - HSH,418.0179235,hivesp,Comprehensive prevention programs for men who have sex with men,Behavioral interventions for men who have sex with men
Comprehensive prevention programs for men who have sex with men,Behavioral interventions for men who have sex with men,programasdeprevencionintegralparahombresquetienenrelacionessexualesconhombres,diagnosticoytratamientodeitsyotrosserviciosdesaludsexualyreproductivaparahsh,5.8 Otros productos fungibles,Adquisición de material para diagnóstico clínico para el fortalecimiento de centros de salud con que implementan la estrategia VICITS,75034.92,hivesp,Comprehensive prevention programs for men who have sex with men,Behavioral interventions for men who have sex with men
Comprehensive prevention programs for transgender people,Behavioral interventions for transgender people,prevencionhombresquetienenrelacionessexualesconhombresypersonastransgenero,cambiodecomportamientocomopartedeprogramasparahombresquetienenrelacionessexualesconhombresypersonastransgenero,"2.1 Viáticos, transporte y otros costos relacionados con capacitaciones",Taller para DAS - Escuintla de dos días cada uno  (son 9 DAS priorizadas por el MSPAS que brindan atención a TRANS). En cada DAS se indica en comentario los centros de salud a capacitar,NA,hivesp,Comprehensive prevention programs for men who have sex with men,Behavioral interventions for men who have sex with men
"Treatment, care and support",Differentiated antiretroviral therapy service delivery,tratamientoatencionyapoyo,pretratamientoantirretroviral,"2.1 Viáticos, transporte y otros costos relacionados con capacitaciones",Elaboración de curriculum para educadores pares - 2 reuniones (Sistema de referencia y contrarefencia del paciente diagnósticado y vinculación a TARV) - 30 personas en cada reunión,NA,hivesp,Comprehensive prevention programs for men who have sex with men,Behavioral interventions for men who have sex with men
"Treatment, care and support",Differentiated antiretroviral therapy service delivery,treatmentcareandsupport,differentiatedartservicedelivery,3.1 TA Fees - Consultants,TA to support differentiated service delivery models rollout,NA,hiveng,"Treatment, care and support",Differentiated antiretroviral therapy service delivery
"Treatment, care and support",Differentiated antiretroviral therapy service delivery,treatmentcareandsupport,differentiatedartservicedelivery,7.0 Procurement and Supply-Chain Management costs (PSM),PSM costs for ARVS,10832759.65,hiveng,"Treatment, care and support",Differentiated antiretroviral therapy service delivery
"Treatment, care and support",Differentiated antiretroviral therapy service delivery,traitementpriseenchargeetsoutien,prestationdeservicesdifferencieespourlestraitementsantiretroviraux,2.1 Indemnités journalières liés à la formation/transports/autres coûts,"Former les prestataires des nouvelles ZS avec soutien FM en paquet VIH, y compris la PTME. Formation au niveau des ZS",NA,hivfr,"Treatment, care and support",Differentiated antiretroviral therapy service delivery
HIV Testing Services,Differentiated HIV testing services,gestiondesachatsetdelachainedapprovisionnement,depistageduvihetconseildanslecadredesprogrammesdestinesslapopulationgenerale,7.2 Coûts de fret et d'assurance (produits de santé),fret et d'assurance réactifs de dépistage,NA,hivfr,"Treatment, care and support",Differentiated antiretroviral therapy service delivery
HIV Testing Services,Differentiated HIV testing services,gestiondesachatsetdelachainedapprovisionnement,depistageduvihetconseildanslecadredesprogrammesdestinesslapopulationgenerale,7.4 Coûts de distribution dans le pays,distribution dans le pays tests de dépistage,NA,hivfr,HIV Testing Services,Differentiated HIV testing services
Program management,Other program management intervention(s),gestiondessubventions,gestiondessubventions,11.1 Coûts liés au bureaux,Frais bancaire,1575.7525,tbfr,Program management,Other program management intervention(s)
Case management,Facility-based treatment,casemanagement,facilitybasedtreatment,2.1 Training related per diems/transport/other costs,Sustain quality assurance and quality control of laboratory diagnosis in 36 districts,36349.71429,malariaeng,Case management,Ensuring drug and other health product quality
Case management,Facility-based treatment,casemanagement,facilitybasedtreatment,7.7 Other PSM costs,PSM costs for ACTs for PR2,105930.5154,malariaeng,Procurement and supply chain management systems,Procurement strategy
Case management,Facility-based treatment,priseencharge,traitementenmilieuhospitalier,2.1 Indemnités journalières liés à la formation/transports/autres coûts,Former chaque année 05 Cadres du MSP en épidémiologie de terrain,NA,malariafr,"Human resources for health, including community health workers","Capacity building for health workers, including those at community level"
Case management,Facility-based treatment,priseencharge,traitementenmilieuhospitalier,4.3 Antipaludéens,"Assurer le paiement des fournisseurs pour Artesunate/Amodiaquine,  25mg/67,5mg base, tab3, nourrisson",197487.7872,malariafr,Procurement and supply chain management systems,Procurement strategy
Case management,Facility-based treatment,priseencharge,traitementenmilieuhospitalier,7.3 Coûts d'entreposage et de stockage,Assurer le stockage des intrants (Mild et autres intrants)   au niveau des 31 ZS,0,malariafr,Case management,Facility-based treatment
Case management,Facility-based treatment,priseencharge,traitementenmilieuhospitalier,7.3 Coûts d'entreposage et de stockage,Assurer le stockage des intrants au niveau des 374FOSAs,5838,malariafr,Case management,Facility-based treatment
Case management,Facility-based treatment,priseencharge,traitementenmilieuhospitalier,7.3 Coûts d'entreposage et de stockage,Stockage de la SP au niveau des CDRs,NA,malariafr,Case management,Facility-based treatment
Case management,Facility-based treatment,priseencharge,traitementenmilieuhospitalier,7.3 Coûts d'entreposage et de stockage,Stockage de la SP au niveau des CDRs,NA,malariafr,Case management,Facility-based treatment
Case management,Facility-based treatment,priseencharge,traitementenmilieuhospitalier,7.3 Coûts d'entreposage et de stockage,Stockage de la SP au niveau des CDRs,0,malariafr,Case management,Facility-based treatment
Case management,Facility-based treatment,priseencharge,traitementenmilieuhospitalier,7.3 Coûts d'entreposage et de stockage,Stockage de la SP au niveau des CDRs,0,malariafr,Case management,Facility-based treatment
Case management,Facility-based treatment,priseencharge,traitementenmilieuhospitalier,7.3 Coûts d'entreposage et de stockage,"Stockage des Artemeter and Lumefantrine Tablets (20mg/120mg), 6x3 Tabs  au niveau des CDRs",0,malariafr,Case management,Facility-based treatment
Case management,Facility-based treatment,priseencharge,traitementenmilieuhospitalier,7.3 Coûts d'entreposage et de stockage,"Stockage des Artemeter and Lumefantrine Tablets (20mg/120mg), 6x4 Tabs  au niveau des CDRs",NA,malariafr,Case management,Facility-based treatment
Case management,Facility-based treatment,priseencharge,traitementenmilieuhospitalier,7.3 Coûts d'entreposage et de stockage,"Stockage des Artemeter and Lumefantrine Tablets (20mg/120mg), 6x4 Tabs  au niveau des CDRs",NA,malariafr,Case management,Facility-based treatment
Case management,Facility-based treatment,priseencharge,traitementenmilieuhospitalier,7.3 Coûts d'entreposage et de stockage,"Stockage des Artemeter and Lumefantrine Tablets (20mg/120mg), 6x4 Tabs  au niveau des CDRs",0,malariafr,Case management,Facility-based treatment
Case management,Facility-based treatment,priseencharge,traitementenmilieuhospitalier,7.3 Coûts d'entreposage et de stockage,"Stockage des Artemeter and Lumefantrine Tablets (20mg/120mg), dispersible blister 6 tabs au niveau des CDRs",NA,malariafr,Case management,Facility-based treatment
Case management,Facility-based treatment,priseencharge,traitementenmilieuhospitalier,7.3 Coûts d'entreposage et de stockage,"Stockage des Artesunate/amodiaquine 100mg/270mg, tablets, blister  3 tabs au niveau des CDRs",NA,malariafr,Case management,Facility-based treatment
Case management,Facility-based treatment,priseencharge,traitementenmilieuhospitalier,7.3 Coûts d'entreposage et de stockage,"Stockage des Artesunate/amodiaquine 100mg/270mg, tablets, blister  3 tabs au niveau des CDRs",0,malariafr,Case management,Facility-based treatment
Case management,Facility-based treatment,priseencharge,traitementenmilieuhospitalier,7.3 Coûts d'entreposage et de stockage,"Stockage des Artesunate/amodiaquine 100mg/270mg, tablets, blister 6 tabs au niveau des CDRs",NA,malariafr,Case management,Facility-based treatment
Case management,Facility-based treatment,priseencharge,traitementenmilieuhospitalier,7.3 Coûts d'entreposage et de stockage,"Stockage des Artesunate/amodiaquine 100mg/270mg, tablets, blister 6 tabs au niveau des CDRs",NA,malariafr,Case management,Facility-based treatment
Case management,Facility-based treatment,priseencharge,traitementenmilieuhospitalier,7.3 Coûts d'entreposage et de stockage,"Stockage des Artesunate/amodiaquine 50mg/135mg, tablets,  3x1 tabs au niveau des CDRs",0,malariafr,Case management,Facility-based treatment
Case management,Facility-based treatment,priseencharge,traitementenmilieuhospitalier,7.3 Coûts d'entreposage et de stockage,"Stockage des GANTS EN VRAC, Paquet/100 au niveau des CDRs",0,malariafr,Case management,Facility-based treatment
Case management,Facility-based treatment,priseencharge,traitementenmilieuhospitalier,7.3 Coûts d'entreposage et de stockage,Stockage des Paracétamol 500mg au niveau des CDRs,NA,malariafr,Case management,Facility-based treatment
Case management,Facility-based treatment,priseencharge,traitementenmilieuhospitalier,7.3 Coûts d'entreposage et de stockage,Stockage des Paracétamol 500mg au niveau des CDRs,0,malariafr,Case management,Facility-based treatment
Case management,Facility-based treatment,priseencharge,traitementenmilieuhospitalier,7.3 Coûts d'entreposage et de stockage,Stockage des TDRs  au niveau des CDRs,0,malariafr,Case management,Facility-based treatment
Case management,Facility-based treatment,priseencharge,traitementenmilieuhospitalier,7.3 Coûts d'entreposage et de stockage,Stockage des TDRs  au niveau des CDRs,0,malariafr,Case management,Facility-based treatment
Case management,Facility-based treatment,priseencharge,traitementenmilieuhospitalier,7.4 Coûts de distribution dans le pays,Assurer le paiement du frais de transport des  MILDS des dépôts des  CDRs vers les 31 BCZS,3496.85,malariafr,Vector control,Long lasting insecticidal nets: Mass campaign
Case management,Facility-based treatment,priseencharge,traitementenmilieuhospitalier,7.4 Coûts de distribution dans le pays,Assurer le paiement du frais de transport des  MILDS des dépôts des  CDRs vers les 31 BCZS,3496.85,malariafr,Vector control,Long lasting insecticidal nets: Mass campaign
Case management,Facility-based treatment,priseencharge,traitementenmilieuhospitalier,7.4 Coûts de distribution dans le pays,Assurer le paiement du frais de transport des  MILDS des dépôts des  CDRs vers les 31 BCZS,10088.4,malariafr,Vector control,Long lasting insecticidal nets: Mass campaign
Case management,Facility-based treatment,priseencharge,traitementenmilieuhospitalier,7.4 Coûts de distribution dans le pays,Assurer le paiement du frais de transport des  MILDS des dépôts des  CDRs vers les 31 BCZS,13137.6,malariafr,Vector control,Long lasting insecticidal nets: Mass campaign
Case management,Facility-based treatment,priseencharge,traitementenmilieuhospitalier,7.4 Coûts de distribution dans le pays,Assurer le paiement du frais de transport des  MILDS des dépôts des  CDRs vers les 31 BCZS,18308.5,malariafr,Vector control,Long lasting insecticidal nets: Mass campaign
Case management,Facility-based treatment,priseencharge,traitementenmilieuhospitalier,7.4 Coûts de distribution dans le pays,Assurer le paiement du frais de transport des ACT / ALU  et autres intrants antipaludiques des dépôts des SRs vers les 31 BCZS,4830,malariafr,Vector control,Long lasting insecticidal nets: Mass campaign
Case management,Facility-based treatment,priseencharge,traitementenmilieuhospitalier,7.4 Coûts de distribution dans le pays,Assurer le paiement du frais de transport des ACT / ALU  et autres intrants antipaludiques des dépôts des SRs vers les 31 BCZS,6175.4,malariafr,Vector control,Long lasting insecticidal nets: Mass campaign
Case management,Facility-based treatment,priseencharge,traitementenmilieuhospitalier,7.4 Coûts de distribution dans le pays,Assurer le paiement du frais de transport des Artesunates injectables des dépôts du CDR vers les 31 BCZS,9154.25,malariafr,Vector control,Long lasting insecticidal nets: Mass campaign
Case management,Facility-based treatment,priseencharge,traitementenmilieuhospitalier,7.4 Coûts de distribution dans le pays,Assurer le paiement du frais de transport des intrants à partir de la FOSA vers les 346 SSC,22440,malariafr,Vector control,Long lasting insecticidal nets: Mass campaign
Case management,Facility-based treatment,priseencharge,traitementenmilieuhospitalier,7.4 Coûts de distribution dans le pays,Assurer le paiement du frais de transport des intrants à partir du BCZS vers les 374 FOSAs,20391,malariafr,Vector control,Long lasting insecticidal nets: Mass campaign
Prevention programs for general population,Gender-based violence prevention and treatment programs for general population,preventionpopulationgenerale,liensaveclasantegenesiquematernelleneonataleetinfantileetviolencesexiste,2.4 Indemnités journalières liés à la sensibilisation/ transport/réunion/ et autres coût,"Appuyer les relais communautaires pour l'identification,  l'accompagnement et de l'orientation des Victimes des violences sexuelles vers les structures de santé , psychosociales en vue de la prise en charge des traumatismes vécus et les instances juridico-juridiques (référence-contre référence)",NA,hivfr,Prevention programs for general population,Gender-based violence prevention and treatment programs for general population
Prevention programs for general population,Gender-based violence prevention and treatment programs for general population,programmesvisantsreduirelesobstaclesliesauxdroitshumainsquientraventlacccsauxservicesvih,reductiondeladiscriminationbaseesurlegenredesnormesdegenrenuisiblesetdelaviolencecontrelesfemmesetlesfillesdanstouteleurdiversiteenlienaveclevih,2.4 Indemnités journalières liés à la sensibilisation/ transport/réunion/ et autres coût,Formation des SR et BPC sur les droits humains et SGBV,NA,hivfr,Programs to reduce human rights-related barriers to HIV services,Training of health care providers on human rights and medical ethics related to HIV and HIV/TB
Program management,Grant management,gestiondeprogramas,gestiondesubvenciones,1.1 Salarios - gestión de programas,Contratación de Recursos Humanos para el desarrollo de acciones de prevención en los territorios para población HSH,36851.97,hivesp,Comprehensive prevention programs for men who have sex with men,Behavioral interventions for men who have sex with men
Program management,Grant management,gestiondeprogramas,gestiondesubvenciones,11.1  Costos relacionados con oficinas,"Paquete de costos de mantenimiento y arrendamiento, suministros y otros para RP  (renta de oficina, seguridad, agua potable, consumibles, internet, energia electrica, mensajeria, limpieza y recepción)",29262.97621,hivesp,Program management,Grant management
Program management,Grant management,gestiondeprogramas,gestiondesubvenciones,11.4 Otros costos de administración del programa,Overhead para el RP,NA,hivesp,Program management,Grant management
Program management,Grant management,gestiondeprogramas,gestiondesubvenciones,9.3 Otro equipamiento no sanitario,Adquisición de mobiliario y equipo para fortalecimiento de la gestión del PNT,NA,tbesp,Program management,Grant management
Program management,Grant management,programmanagement,grantmanagement,1.1 Salaries - program management,PSI Employee Based in-Country,207223.1656,malariaeng,Program management,Grant management
Program management,Grant management,programmanagement,grantmanagement,11.1  Office related costs,Fonctionnement SR,0,malariafr,Program management,Grant management
Program management,Grant management,programmanagement,grantmanagement,11.4 Other PA costs,Fonctionnement SR,3000,malariafr,Program management,Grant management
Program management,Grant management,programmanagement,grantmanagement,9.2 Vehicles,Fonctionnement SR,0,malariafr,Program management,Grant management
Program management,Grant management,programmanagement,grantmanagement,9.2 Vehicles,Fonctionnement SR,0,malariafr,Program management,Grant management
Program management,Grant management,gestiondessubventions,gestiondessubventions,1.1 Salaires - gestion du programme,Ressources Humaines SR CIVIL,66518.235,malariafr,Program management,Grant management
Program management,Grant management,gestiondessubventions,gestiondessubventions,1.3 Compléments de salaire/incitations financières,Acheter la performance de la DPM en fonction des résultats contractuels atteints par trimestre,NA,malariafr,Program management,Grant management
Program management,Grant management,gestiondessubventions,gestiondessubventions,"10.1 Supports imprimés (formulaires, livres, directives, brochure, dépliants...)",Adm & Planing / Panneau extérieur bâtiment,2500,malariafr,Program management,Grant management
Program management,Grant management,gestiondessubventions,gestiondessubventions,11.1 Coûts liés au bureaux,Adm & Planing / Expédition couriers et justificatifs,7500,malariafr,Program management,Grant management
Program management,Grant management,gestiondessubventions,gestiondessubventions,11.1 Coûts liés au bureaux,Frais Bancaires SR CIVIL,0,malariafr,Program management,Grant management
Program management,Grant management,gestiondessubventions,gestiondessubventions,11.3 Recouvrement des coûts indirects (RCI) - axé sur le pourcentage,PSI fees 3% of the CIP price,11448,malariafr,Program management,Grant management
Program management,Grant management,gestiondessubventions,gestiondessubventions,11.4 Autres coûts liés à la gestion du programme,Contribuer au fonctionnement du BCP,NA,hivfr,Program management,Grant management
Program management,Grant management,gestiondessubventions,gestiondessubventions,2.3 Indemnités journalières liés à la supervision/enquête/collecte de données/transport/autres coût,Appuyer les missions  trimestrielles de supervision du niveau provincial vers les ZS,97782,hivfr,Program management,Grant management
Program management,Grant management,gestiondessubventions,gestiondessubventions,2.3 Indemnités journalières liés à la supervision/enquête/collecte de données/transport/autres coût,Supervision vists that would not be covered by WB.,26694,hivfr,Program management,Grant management
Program management,Grant management,gestiondessubventions,gestiondessubventions,2.3 Indemnités journalières liés à la supervision/enquête/collecte de données/transport/autres coût,Visites de suivi CAGF,14956.78511,hivfr,Program management,Grant management
Program management,Grant management,gestiondessubventions,gestiondessubventions,2.4 Indemnités journalières liés à la sensibilisation/ transport/réunion/ et autres coût,Organiser de la célébration de la journée mondiale du Paludisme national,NA,malariafr,Program management,Grant management
Program management,Grant management,gestiondessubventions,gestiondessubventions,3.1 Honoraires liés à l'assistance technique - Consultants,General Operating Costs - Kinshasa,19380,malariafr,Program management,Grant management
Program management,Grant management,gestiondessubventions,gestiondessubventions,3.3 Honoraires des auditeurs externes,Adm & Planing / Audit exterme,89060.4,malariafr,Program management,Grant management
Program management,Grant management,gestiondessubventions,gestiondessubventions,8.3 Coûts liés à la maintenance des infrastructures et autres coûts INF,Infrastructures et Equipements SR,0,malariafr,Program management,Grant management
Program management,Grant management,gestiondessubventions,gestiondessubventions,"9.1 Matériel informatiquee , ordinateurs, logiciel et applications",Acquérir 28 kits informatiques pour 7 IPS à raison de 4 kits par IPS,NA,malariafr,Program management,Grant management
Program management,Grant management,gestiondessubventions,gestiondessubventions,"9.1 Matériel informatiquee , ordinateurs, logiciel et applications",Aquerir le logiciel TOMPRO pour l'UC du PNLT,NA,hivfr,Program management,Grant management
Program management,Grant management,gestiondessubventions,gestiondessubventions,"9.1 Matériel informatiquee , ordinateurs, logiciel et applications",Equiper le PNLP en matériels informatiques,NA,malariafr,Program management,Grant management
Programs to reduce human rights-related barriers to HIV services,HIV and HIV/TB-related legal services,programasparareducirlasbarrerasrelacionadasalosderechoshumanosparaaccederalosserviciosdevih,serviciosjuridicosrelacionadosconelvihylatbvih,11.1 Costos relacionados con oficinas,"Paquete de gastos generales (papelería, alquiler, energía, comunicación y limpieza)",6134.899069,hivesp,Programs to reduce human rights-related barriers to HIV services,HIV and HIV/TB-related legal services
Programs to reduce human rights-related barriers to HIV services,HIV and HIV/TB-related legal services,programstoreducehumanrightsrelatedbarrierstohivservices,hivandhivtbrelatedlegalservices,2.1 Training related per diems/transport/other costs,Conduct bi-annual paralegal trainings for 20 KPs and vulnerable groups,NA,hiveng,Programs to reduce human rights-related barriers to HIV services,HIV and HIV/TB-related legal services
Programs to reduce human rights-related barriers to HIV services,HIV and HIV/TB-related legal services,programmesvisantsreduirelesobstaclesliesauxdroitshumainsquientraventlacccsauxservicesvih,servicesjuridiquesliesauvihetslacoinfectionvihtuberculose,2.4 Indemnités journalières liés à la sensibilisation/ transport/réunion/ et autres coût,Appui à la rationalisation des activités de cliniques juridiques et centres d'écoute,NA,hivfr,Programs to reduce human rights-related barriers to HIV services,HIV and HIV/TB-related legal services
Programs to reduce human rights-related barriers to HIV services,HIV and HIV/TB-related legal services,programmesvisantsreduirelesobstaclesliesauxdroitshumainsquientraventlacccsauxservicesvih,servicesjuridiquesliesauvihetslacoinfectionvihtuberculose,2.5 Autres coûts de transport,Appuyer la prise en charge juridiques et judiciaire de VVS et autres populations infectée par le VIH/Sida ( Key pop et PVVIH),114750,hivfr,Programs to reduce human rights-related barriers to HIV services,HIV and HIV/TB-related legal services
Comprehensive prevention programs for men who have sex with men,HIV testing services for men who have sex with men,prevencionprofesionalesdelsexoysusclientes,cambiodecomportamientocomopartedeprogramasparaprofesionalesdelsexoysusclientes,8.1 Mobiliario,Costo de seguro de activos fijos para SR tipo B - MTS,670.0325693,hivesp,Comprehensive prevention programs for men who have sex with men,HIV testing services for men who have sex with men
Comprehensive prevention programs for men who have sex with men,HIV testing services for men who have sex with men,preventionhsmettransgenres,depistageduvihetconseildanslecadredesprogrammesdestinesauxhommesayantdesrapportssexuelsavecdeshommesetauxtransgenres,9.3 Autre équipement non sanitaire,Equiper  CDV mobile pour les stratégies avancées pour la population des MSM dans 6 provinces,NA,hivfr,Comprehensive prevention programs for men who have sex with men,HIV testing services for men who have sex with men
Comprehensive prevention programs for transgender people,HIV testing services for transgender people,programasdeprevencionintegralparapersonastransgenero,serviciosdediagnosticodevihparapersonastransgenero,5.4 Pruebas de diagnóstico rápido,Pruebas de VIH para Pliloto PEP en población TRANS,NA,hivesp,Comprehensive prevention programs for transgender people,HIV testing services for transgender people
Comprehensive prevention programs for transgender people,HIV testing services for transgender people,preventionhsmettransgenres,depistageduvihetconseildanslecadredesprogrammesdestinesauxhommesayantdesrapportssexuelsavecdeshommesetauxtransgenres,2.4 Indemnités journalières liés à la sensibilisation/ transport/réunion/ et autres coût,Organiser 336 sortie  de CDV mobile nocturne destinées aux hommes ayant des rapports sexuels avec des hommes et aux transgenres,NA,hivfr,Comprehensive prevention programs for transgender people,HIV testing services for transgender people
Comprehensive prevention programs for transgender people,HIV testing services for transgender people,preventionhsmettransgenres,depistageduvihetconseildanslecadredesprogrammesdestinesauxhommesayantdesrapportssexuelsavecdeshommesetauxtransgenres,5.4 Test de diagnostic rapide,HIV Rapid Diagnostic Test,0,hivfr,Comprehensive prevention programs for transgender people,HIV testing services for transgender people
Case management,Integrated community case management (iCCM),casemanagement,integratedcommunitycasemanagementiccm,3.4 Other external professional services,iCCM - Learning question on implementation and Operations,NA,malariaeng,Case management,Integrated community case management (iCCM)
Case management,Integrated community case management (iCCM),casemanagement,integratedcommunitycasemanagementiccm,7.4 In-country distribution costs,PSM Costs for ACTs - Community,0,malariaeng,Case management,Integrated community case management (iCCM)
Case management,Integrated community case management (iCCM),casemanagement,integratedcommunitycasemanagementiccm,7.7 Other PSM costs,PSM Costs for Disposable Sharps Containers - Community,0,malariaeng,Case management,Integrated community case management (iCCM)
Case management,Integrated community case management (iCCM),priseencharge,ieccccpriseencharge,2.5 Autres coûts de transport,Appuyer les séances des visites à domiciles par les Relais Promotionnels,4590,malariafr,Case management,Integrated community case management (iCCM)
Case management,Integrated community case management (iCCM),priseencharge,priseenchargeintegreedescasauniveaucommunautaire,2.3 Indemnités journalières liés à la supervision/enquête/collecte de données/transport/autres coût,"Former les IT, recosites et Cogesites dans les ZS avec GAP en SSC  et suivi post formation",0,malariafr,Case management,Integrated community case management (iCCM)
Case management,Integrated community case management (iCCM),priseencharge,priseenchargeintegreedescasauniveaucommunautaire,2.3 Indemnités journalières liés à la supervision/enquête/collecte de données/transport/autres coût,"Former les IT, recosites et Cogesites dans les ZS avec GAP en SSC  et suivi post formation",0,malariafr,Case management,Integrated community case management (iCCM)
Case management,Integrated community case management (iCCM),priseencharge,priseenchargeintegreedescasauniveaucommunautaire,4.3 Antipaludéens,"Assurer le paiement des fournisseurs pour Artesunate/amodiaquine 50mg/135mg, tablets,  3x1 tabs",NA,malariafr,Case management,Integrated community case management (iCCM)
Case management,Integrated community case management (iCCM),priseencharge,priseenchargeintegreedescasauniveaucommunautaire,5.8 Autres consommables,Gants,NA,malariafr,Case management,Integrated community case management (iCCM)
TB care and prevention,Key populations (TB care and prevention) - Others,atencionyprevenciondetuberculosis,poblacionesclaveafectadas,6.6 Otro equipamiento sanitario,Adquisición de equipo sanitario para el fortalecimiento de 03 clínicas de atención a pacientes con TB en el Sistema Penitenciario,NA,tbesp,TB care and prevention,Key populations (TB care and prevention) - Others
TB care and prevention,Key populations (TB care and prevention) - Others,priseenchargeetpreventiondelatuberculose,populationsclesautres,2.4 Indemnités journalières liés à la sensibilisation/ transport/réunion/ et autres coût,"Planifier conjointement avec les organisations partenaires les activités de prévention et de prise en charge du VIH/Tb en faveur des populations-clé (HCR, Comité des miniers, Comité National pour les réfugiées, ONG humanitaires)",NA,tbfr,TB care and prevention,Key populations (TB care and prevention) - Others
TB care and prevention,Key populations (TB care and prevention) - Prisoners,atencionyprevenciondetuberculosis,poblacionesclaveafectadas,"10.1 Material impreso (formularios, libros, directrices, folletos,.)",Impresión de  guía de atencion de comorbilidades,NA,tbesp,TB care and prevention,Key populations (TB care and prevention) - Prisoners
TB/HIV,Key populations (TB/HIV) - Prisoners,tuberculosevih,populationsclesprisonniersoupersonnessetrouvantdansdautreslieuxfermes,2.4 Indemnités journalières liés à la sensibilisation/ transport/réunion/ et autres coût,Appuyer l'organisation des séances de vidéo mobile par les éqiuipes  des 22 BCZS  et 13 équipes pénitentierès pluridiscilinaires des provinces retenues,1980,hivfr,TB/HIV,Key populations (TB/HIV) - Prisoners
Vector control,Long lasting insecticidal nets: Continuous distribution,lutteantivectorielle,moustiquairesimpregneesdinsecticidedelonguedureedactiondistributioncontinue,7.3 Coûts d'entreposage et de stockage,Stockage Moustiquaire Impregnée d'insecticide CPN CPS  au niveau des dépots des SRs,1500,malariafr,Vector control,Long lasting insecticidal nets: Continuous distribution
Vector control,Long lasting insecticidal nets: Mass campaign,vectorcontrol,longlastinginsecticidalnetsllinmasscampaign,"1.2 Salaries - outreach workers, medical staff and other service providers",Communication Materials Pre Test,0,malariaeng,Vector control,Long lasting insecticidal nets: Mass campaign
Vector control,Long lasting insecticidal nets: Mass campaign,vectorcontrol,longlastinginsecticidalnetsllinmasscampaign,"10.1 Printed materials (forms, books, guidelines, brochure, leaflets...)",Launching event - Kinshasa -Communications,0,malariaeng,Vector control,Long lasting insecticidal nets: Mass campaign
Vector control,Long lasting insecticidal nets: Mass campaign,vectorcontrol,longlastinginsecticidalnetsllinmasscampaign,10.2 Television/Radio spots and programmes,IEC placement in Kinshasa,0,malariaeng,Vector control,Long lasting insecticidal nets: Mass campaign
Vector control,Long lasting insecticidal nets: Mass campaign,vectorcontrol,longlastinginsecticidalnetsllinmasscampaign,10.2 Television/Radio spots and programmes,IEC production in Sud Kivu Spot 5: Accrocher et Conserver,0,malariafr,Vector control,Long lasting insecticidal nets: Mass campaign
Vector control,Long lasting insecticidal nets: Mass campaign,vectorcontrol,longlastinginsecticidalnetsllinmasscampaign,10.2 Television/Radio spots and programmes,IEC production in Sud Kivu Spot 5: Accrocher et Conserver,0,malariafr,Vector control,Long lasting insecticidal nets: Mass campaign
Vector control,Long lasting insecticidal nets: Mass campaign,vectorcontrol,longlastinginsecticidalnetsllinmasscampaign,"10.3 Promotional Material (t-shirts, mugs, pins...) and other CMP costs","IEC Placement Other Media - Approved IF Budget Campaigns BDD, KO, BAC",0,malariafr,Vector control,Long lasting insecticidal nets: Mass campaign
Vector control,Long lasting insecticidal nets: Mass campaign,vectorcontrol,longlastinginsecticidalnetsllinmasscampaign,11.1  Office related costs,IEC production in Katanga SPOT 1 ANNONCE,0,malariafr,Vector control,Long lasting insecticidal nets: Mass campaign
Vector control,Long lasting insecticidal nets: Mass campaign,vectorcontrol,longlastinginsecticidalnetsllinmasscampaign,11.1  Office related costs,IEC production in NOrd Kivu SPOT 1 ANNONCE,30,malariafr,Vector control,Long lasting insecticidal nets: Mass campaign
Vector control,Long lasting insecticidal nets: Mass campaign,vectorcontrol,longlastinginsecticidalnetsllinmasscampaign,2.3 Supervision/surveys/data collection related per diems/transport/other costs,Distribuer les canevas Nord Kivu-ZS,0,malariafr,Vector control,Long lasting insecticidal nets: Mass campaign
Vector control,Long lasting insecticidal nets: Mass campaign,vectorcontrol,longlastinginsecticidalnetsllinmasscampaign,2.3 Supervision/surveys/data collection related per diems/transport/other costs,Distribuer les outils de collecte et synthese de donnees AS ZS-ZS Katanga,0,malariafr,Vector control,Long lasting insecticidal nets: Mass campaign
Vector control,Long lasting insecticidal nets: Mass campaign,vectorcontrol,longlastinginsecticidalnetsllinmasscampaign,2.3 Supervision/surveys/data collection related per diems/transport/other costs,Organiser des missions de supervision de distribution des moustiquaires dans les aires de santé par l'équipe du Bureau Central,0,malariafr,Vector control,Long lasting insecticidal nets: Mass campaign
Vector control,Long lasting insecticidal nets: Mass campaign,vectorcontrol,longlastinginsecticidalnetsllinmasscampaign,3.4 Other external professional services,Launching events,0,malariaeng,Vector control,Long lasting insecticidal nets: Mass campaign
Vector control,Long lasting insecticidal nets: Mass campaign,vectorcontrol,longlastinginsecticidalnetsllinmasscampaign,5.0 Health Products - Non-Pharmaceuticals (HPNP),LLINs -180*160*170 Rectangular - Refugees,NA,malariaeng,Vector control,Long lasting insecticidal nets: Mass campaign
Vector control,Long lasting insecticidal nets: Mass campaign,lutteantivectorielle,moustiquairesimpregneesdinsecticidedelonguedureedactioncampagnedemasse,"10.3 Coût du matériel promotionnel (t-shirts, tasses, épinglettes...) et d'autres supports de communication et publications",COMMUNICATION AND EDUCATION - SR,14107.04985,malariafr,Vector control,Long lasting insecticidal nets: Mass campaign
Vector control,Long lasting insecticidal nets: Mass campaign,lutteantivectorielle,moustiquairesimpregneesdinsecticidedelonguedureedactioncampagnedemasse,2.3 Indemnités journalières liés à la supervision/enquête/collecte de données/transport/autres coût,1. KWILU - BRIFIENG SUR LE MODULE ET RECOLTTE DES DONNEES DE DENOMBREMENT,0,malariafr,Vector control,Long lasting insecticidal nets: Mass campaign
Vector control,Long lasting insecticidal nets: Mass campaign,lutteantivectorielle,moustiquairesimpregneesdinsecticidedelonguedureedactioncampagnedemasse,2.3 Indemnités journalières liés à la supervision/enquête/collecte de données/transport/autres coût,"2, LOMAMI - I. FORMATION SUR LE MODULE DHIS2 ET DATA LOG (Remboursement transport des participants)",0,malariafr,Vector control,Long lasting insecticidal nets: Mass campaign
Vector control,Long lasting insecticidal nets: Mass campaign,lutteantivectorielle,moustiquairesimpregneesdinsecticidedelonguedureedactioncampagnedemasse,2.3 Indemnités journalières liés à la supervision/enquête/collecte de données/transport/autres coût,6. MAI NDOMBE - BRIFIENG SUR LE MODULE ET RECOLTTE DES DONNEES DE DENOMBREMENT,0,malariafr,Vector control,Long lasting insecticidal nets: Mass campaign
Vector control,Long lasting insecticidal nets: Mass campaign,lutteantivectorielle,moustiquairesimpregneesdinsecticidedelonguedureedactioncampagnedemasse,2.3 Indemnités journalières liés à la supervision/enquête/collecte de données/transport/autres coût,"6. MAI NDOMBE - I. IDENTIFICATION DES BUREAUX
 (PROSPECTION)",0,malariafr,Vector control,Long lasting insecticidal nets: Mass campaign
Vector control,Long lasting insecticidal nets: Mass campaign,lutteantivectorielle,moustiquairesimpregneesdinsecticidedelonguedureedactioncampagnedemasse,2.3 Indemnités journalières liés à la supervision/enquête/collecte de données/transport/autres coût,9. SUD KIVU - BRIFIENG SUR LE MODULE ET RECOLTTE DES DONNEES DE DENOMBREMENT,0,malariafr,Vector control,Long lasting insecticidal nets: Mass campaign
Vector control,Long lasting insecticidal nets: Mass campaign,lutteantivectorielle,moustiquairesimpregneesdinsecticidedelonguedureedactioncampagnedemasse,2.5 Autres coûts de transport,ANALYSTE FINANCIER - SANKURU,0,malariafr,Vector control,Long lasting insecticidal nets: Mass campaign
Vector control,Long lasting insecticidal nets: Mass campaign,lutteantivectorielle,moustiquairesimpregneesdinsecticidedelonguedureedactioncampagnedemasse,3.4 Autres services professionnels externes,KWILU,0,malariafr,Vector control,Long lasting insecticidal nets: Mass campaign
Vector control,Long lasting insecticidal nets: Mass campaign,lutteantivectorielle,moustiquairesimpregneesdinsecticidedelonguedureedactioncampagnedemasse,3.4 Autres services professionnels externes,SUD KIVU,0,malariafr,Vector control,Long lasting insecticidal nets: Mass campaign
Vector control,Long lasting insecticidal nets: Mass campaign,lutteantivectorielle,moustiquairesimpregneesdinsecticidedelonguedureedactioncampagnedemasse,7.4 Coûts de distribution dans le pays,Cout de transport du niveau intermediaire aux BCZ,0,malariafr,Vector control,Long lasting insecticidal nets: Mass campaign
Procurement and supply chain management systems,"National costed supply chain master plan,  and implementation",fssgestiondelacadenadeadquisicionesysuministros,puestaenpracticadelsistemadegestiondeadquisicionesysuministros,7.2 Costos de transporte y seguro (productos sanitarios),"Costos de transporte y seguro 17% de reactivos e insumos de laboratorio (10% gastos flete, seguro y transporte y 7% overhead para ASA)",NA,hivesp,Procurement and supply chain management systems,"National costed supply chain master plan,  and implementation"
National health strategies,"National health strategies, alignment with disease- specific plans, health sector governance and financing",nationalhealthstrategies,nationalhealthstrategiesalignmentwithdiseasespecificplanshealthsectorgovernanceandfinancing,3.0 External Professional services (EPS),Conduct Comprehensive Epidemiological evaluation in Northern Uganda - by  Gulu University School of medicine and Public Health,NA,malariaeng,National health strategies,"National health strategies, alignment with disease- specific plans, health sector governance and financing"
"Prevention programs for adolescents and youth, in and out of school",Other interventions for adolescent and youth,systcmesdesanteresiliantsetperennesprestationdeservicesintegresetameliorationdelaqualite,autresinterventionsciblantlesjeunesetlesadolescents,13.0 Financement axé sur les résultats (FAR),Appuyer la prise en charge juridiques et judiciaire de VVS et autres populations infectée par le VIH/Sida ( Key pop et PVVIH),0,hivfr,"Prevention programs for adolescents and youth, in and out of school",Other interventions for adolescent and youth
Comprehensive prevention programs for men who have sex with men,Other interventions for men who have sex with men,programasdeprevencionintegralparahombresquetienenrelacionessexualesconhombres,otrasintervencionesparahsh,"2.3 Viáticos, transporte y otros costos relacionados con supervisión/encuestas/recopilación de datos",Gastos de movilización de supervisores comunitarios  pares para el desarrollo de acciones de prevención en los territorios para las poblaciones HSH,NA,hivesp,Comprehensive prevention programs for men who have sex with men,Other interventions for men who have sex with men
Comprehensive prevention programs for men who have sex with men,Other interventions for men who have sex with men,programasdeprevencionintegralparahombresquetienenrelacionessexualesconhombres,otrasintervencionesparahsh,3.1 Honorarios de asistencia técnica/consultores,"Piloto PEP para población clave, contratación del coordinador del Estudio para poblaciones HSH y TRANS",NA,hivesp,Comprehensive prevention programs for men who have sex with men,Other interventions for men who have sex with men
Prevention programs for general population,Other interventions for the general population,suivietevaluation,securitetransfusionnelle,2.3 Indemnités journalières liés à la supervision/enquête/collecte de données/transport/autres coût,Organiser 04 missions de supervisions par An des Coordinations Provinciales vers les ZS pour la Sécurité transfusionnelle,0,hivfr,Prevention programs for general population,Other interventions for the general population
TB/HIV,Other TB/HIV intervention(s),tbcareandprevention,casedetectionanddiagnosis,2.1 Training related per diems/transport/other costs,Training Community Health workers for Contact tracing,NA,hiveng,TB/HIV,Other TB/HIV intervention(s)
Program management,"Policy, planning, coordination and management of national disease control programs",programmanagement,policyplanningcoordinationandmanagementofnationaldiseasecontrolprograms,1.1 Salaries - program management,Support HR cost for Resource Center DHIS2,24750,malariaeng,Program management,"Policy, planning, coordination and management of national disease control programs"
Program management,"Policy, planning, coordination and management of national disease control programs",programmanagement,policyplanningcoordinationandmanagementofnationaldiseasecontrolprograms,2.3 Supervision/surveys/data collection related per diems/transport/other costs,Bi-annual support supervision from the Central level to the regions including MDR treatment centers,7428.571429,tbeng,Program management,"Policy, planning, coordination and management of national disease control programs"
Program management,"Policy, planning, coordination and management of national disease control programs",programmanagement,policyplanningcoordinationandmanagementofnationaldiseasecontrolprograms,2.3 Supervision/surveys/data collection related per diems/transport/other costs,Provision of Support supervision for programme Implementation- District,3611.085714,malariaeng,Program management,"Policy, planning, coordination and management of national disease control programs"
Program management,"Policy, planning, coordination and management of national disease control programs",gestiondeprogramme,politiqueplanificationcoordinationetgestion,9.3 Autre équipement non sanitaire,Acquérir les équipements autres du PR,NA,hivfr,Program management,"Policy, planning, coordination and management of national disease control programs"
Program management,"Policy, planning, coordination and management of national disease control programs",gestiondessubventions,politiquesplanificationcoordinationetgestiondesprogrammesnationauxdeluttecontrelesmaladies,2.4 Indemnités journalières liés à la sensibilisation/ transport/réunion/ et autres coût,Organiser les réunions mensuelles de monitorage au niveau des AS (monitoring mensuel Communautaire),6480,malariafr,Program management,"Policy, planning, coordination and management of national disease control programs"
Program management,"Policy, planning, coordination and management of national disease control programs",gestiondessubventions,politiquesplanificationcoordinationetgestiondesprogrammesnationauxdeluttecontrelesmaladies,2.4 Indemnités journalières liés à la sensibilisation/ transport/réunion/ et autres coût,Organiser les réunions mensuelles de monitorage au niveau des AS (monitoring mensuel Communautaire),16980,malariafr,Program management,"Policy, planning, coordination and management of national disease control programs"
TB care and prevention,Prevention,atencionyprevenciondetuberculosis,prevencion,"10.3 Material promocional (camisetas, tazas, pins,.) y otros costos relacionados con el material de comunicación y publicaciones",Impresión de materiales en TB a ser distribuidos en los servicios de salud a nivel nacional,NA,tbesp,TB care and prevention,Prevention
TB care and prevention,Prevention,priseenchargeetpreventiondelatuberculose,prevention,"10.3 Coût du matériel promotionnel (t-shirts, tasses, épinglettes...) et d'autres supports de communication et publications",Organiser la Journée Mondiale de la Tuberculose chaque année au niveau CENTRAL,NA,tbfr,TB care and prevention,Prevention
TB care and prevention,Prevention,priseenchargeetpreventiondelatuberculose,prevention,2.4 Indemnités journalières liés à la sensibilisation/ transport/réunion/ et autres coût,Appuyer l'organisation de la celebration de la journee mondiale de lutte contre la TB niveau provincial,NA,tbfr,TB care and prevention,Prevention
Multidrug-resistant TB,Prevention for MDR-TB,paqueteparatbmr,prevenciondelatbmr,6.6 Otro equipamiento sanitario,Adquisición de equipo para control de infecciones en servicios de salud priorizados,NA,tbesp,Multidrug-resistant TB,Prevention for MDR-TB
"Treatment, care and support","Prevention, diagnosis and treatment of opportunistic infections",suivietevaluation,depistageetdiagnosticdesmaladies,2.5 Autres coûts de transport,Assurer le transport de 10 motos pour le transport des échantillons à raison d'une moto par CPLT,NA,hivfr,"Treatment, care and support","Prevention, diagnosis and treatment of opportunistic infections"
"Treatment, care and support","Prevention, diagnosis and treatment of opportunistic infections",suivietevaluation,depistageetdiagnosticdesmaladiestuberculosemultiresistante,6.5 Coûts de maintenance et du service de l'équipement sanitaire,Assurer l'installation de 6 appareils Genexperts,NA,hivfr,"Treatment, care and support","Prevention, diagnosis and treatment of opportunistic infections"
Case management,Private sector case management,casemanagement,privatesectorcasemanagementother,2.3 Supervision/surveys/data collection related per diems/transport/other costs,Strengthen data collection from the private sector,11455.2,malariaeng,Case management,Private sector case management
Case management,Private sector case management,priseencharge,priseenchargedanslesecteurprive,2.1 Indemnités journalières liés à la formation/transports/autres coûts,Former  des prestataires des FOSA privees sur la strategie de lutte contre le paludisme,0,malariafr,Case management,Private sector case management
Health management information system and monitoring and evaluation,Program and data quality,systcmesdesanteresiliantsetperennessystcmedegestiondelinformationsanitaireetsuivietevaluation,qualiteduprogrammeetdesdonnees,3.4 Autres services professionnels externes,Plan d'assistance techinqueVIH en RDC,65000,hivfr,Health management information system and monitoring and evaluation,Program and data quality
Prevention of mother-to-child transmission,Prong 1: Primary prevention of HIV infection among women of childbearing age,ptmi,flanco3prevenciondelatransmisionverticaldelvih,"2.1 Viáticos, transporte y otros costos relacionados con capacitaciones","Talleres de   capacitaciones departamentales sobre orientación, diagnóstico y tratamiento de la embarazada y vinculación al 3er. Nivel, dirigidas a personal de 1ero y 2do nivel de atención a nivel central. Para Guatemala Nor Occidente, Guatemala Nor Oriente, Guatemala Sur",NA,hivesp,Prevention of mother-to-child transmission,Prong 1: Primary prevention of HIV infection among women of childbearing age
Prevention of mother-to-child transmission,Prong 1: Primary prevention of HIV infection among women of childbearing age,preventiondelatransmissiondelamcreslenfantptme,volet1preventionprimairedelinfectionauvihchezlesfemmesenagedeprocreer,"10.1 Supports imprimés (formulaires, livres, directives, brochure, dépliants...)",Reproduire/Créer les messages de prévention adaptés à la PTME (Boites à images) ciblant les femmes et jeunes filles ainsi que leurs partenaires,0,hivfr,Prevention of mother-to-child transmission,Prong 1: Primary prevention of HIV infection among women of childbearing age
Prevention of mother-to-child transmission,"Prong 4: Treatment, care and support to mothers living with HIV, their children and families",preventiondelatransmissiondelamcreslenfant,volet4traitementsoinsetpriseenchargepourlesmcresvivantaveclevihainsiqueleursenfantsetfamilles,2.4 Indemnités journalières liés à la sensibilisation/ transport/réunion/ et autres coût,"Assurer les frais de déplacement aux mères mentors pour  l'accompagnement psychosocial, la rétention et l'adhérence des femmes enceintes et allaittantes VIH+  dans 350 groupes de support dans les  maternités",3060,hivfr,Prevention of mother-to-child transmission,"Prong 4: Treatment, care and support to mothers living with HIV, their children and families"
"Human resources for health, including community health workers","Retention and scale-up of health workers, including for community health workers",systcmesdesanteresiliantsetperennesressourceshumainespourlasanteycomprisagentsdesantecommunautaires,retentionetrenforcementdeseffectifsdusecteurdelasanteycomprisdesagentsdesantecommunautaires,1.3 Compléments de salaire/incitations financières,Assurer le paiement des primes de  performances des Equipes Cadres des 213 Zones de Santé en fonction des résultats atteints,127800,malariafr,"Human resources for health, including community health workers","Retention and scale-up of health workers, including for community health workers"
Health management information system and monitoring and evaluation,Routine reporting,healthmanagementinformationsystemsandme,routinereporting,2.1 Training related per diems/transport/other costs,Training for strengthening private sector reporting,70110,malariaeng,Health management information system and monitoring and evaluation,Routine reporting
Health management information system and monitoring and evaluation,Routine reporting,ssrssistemadeinformacionsobrelagestionsanitariayseguimientoyevaluacion,presentaciondeinformesperiodicos,3.1 Honorarios de asistencia técnica: consultoría,Contratación de consultoría formativa y capacitante para reingeniería del sistema de notificación longitudinal de casos de infección por VIH.,NA,hivesp,Health management information system and monitoring and evaluation,Routine reporting
Health management information system and monitoring and evaluation,Routine reporting,healthinformationsystemsandme,routinereporting,2.1 Training related per diems/transport/other costs,Training of HW in revised HIV Tools,NA,hiveng,Health management information system and monitoring and evaluation,Routine reporting
Health management information system and monitoring and evaluation,Routine reporting,healthinformationsystemsandme,routinereporting,2.3 Supervision/surveys/data collection related per diems/transport/other costs,Operationalise  Health Sector HIV/AIDS M&E framework at national and regional level,0,hiveng,Health management information system and monitoring and evaluation,Routine reporting
Health management information system and monitoring and evaluation,Routine reporting,systcmesdesanteresiliantsetperennessystcmedegestiondelinformationsanitaireetsuivietevaluation,rapportagedesdonneesderoutine,"10.1 Supports imprimés (formulaires, livres, directives, brochure, dépliants...)",Impression des outils de collecte des données & rapportage,648100.1405,hivfr,Health management information system and monitoring and evaluation,Routine reporting
Programs to reduce human rights-related barriers to HIV services,Sensitization of lawmakers and law enforcement agents,programasparareducirlasbarrerasrelacionadasalosderechoshumanosparaaccederalosserviciosdevih,sensibilizaciondeloslegisladoresycuerposdeseguridad,"2.1 Viáticos, transporte y otros costos relacionados con capacitaciones",Formación de la Policía Nacional Civil en cuanto a respeto a los derechos de las MTS,1400.29,hivesp,Programs to reduce human rights-related barriers to HIV services,Sensitization of lawmakers and law enforcement agents
Programs to reduce human rights-related barriers to HIV services,Sensitization of lawmakers and law enforcement agents,programmesvisantsreduirelesobstaclesliesauxdroitshumainsquientraventlacccsauxservicesvih,sensibilisationdeslegislateursetdesagentsdelaforcepublique,2.4 Indemnités journalières liés à la sensibilisation/ transport/réunion/ et autres coût,Plaidoyer au niveau national de membres du gouvernement sur la révision et le respect des lois portant protection des personnes vulnérables,5400,hivfr,Programs to reduce human rights-related barriers to HIV services,Sensitization of lawmakers and law enforcement agents
Community responses and systems,"Social mobilization, building community linkages, collaboration and coordination",communityresponsesandsystems,socialmobilizationbuildingcommunitylinkagescollaborationandcoordination,2.3 Supervision/surveys/data collection related per diems/transport/other costs,"Conduct a mapping exercise of existing service delivery points including legal, GBV and human rights networks in 20 districts for effective linkage, collaboration and coordination",NA,hiveng,Community responses and systems,"Social mobilization, building community linkages, collaboration and coordination"
Programs to reduce human rights-related barriers to HIV services,Stigma and discrimination reduction,programasparareducirlasbarrerasrelacionadasalosderechoshumanosparaaccederalosserviciosdevih,reducciondelestigmayladiscriminacion,"2.1 Viáticos, transporte y otros costos relacionados con capacitaciones","REUNIONES MENSUALES: Fortalecimiento de capacidades y habilidades de personas de las poblaciones clave (HSH, mujeres trans, MTS, PV - incluso mujeres con VIH) mediante una programa comunitario de entrenamiento en la incidencia, resultando en un  diplomado de incidencia política para promover cambios jurídicos y políticos favorables a los derechos humanos de las poblaciones clave.",2103.47,hivesp,Programs to reduce human rights-related barriers to HIV services,Stigma and discrimination reduction
Health management information system and monitoring and evaluation,Surveys,systcmesdesanteresiliantsetperennessystcmedegestiondelinformationsanitaireetsuivietevaluation,enquete,2.3 Indemnités journalières liés à la supervision/enquête/collecte de données/transport/autres coût,Mise à jour des profil Provinces,NA,hivfr,Health management information system and monitoring and evaluation,Surveys
TB/HIV,TB/HIV collaborative interventions,tuberculosevih,interventionsconjointesdeluttecontrelatuberculoseetlevih,2.1 Indemnités journalières liés à la formation/transports/autres coûts,"Former les prestataires des CSDT/CST dans les 11 provinces prioritaires sur les nouvelles directives (One stop shop TB/VIH, algoritmes TB et recherche de cas contacts, TB-MR, TB pediatrique, contrôle de l'infection):  1070 CSDT dans 243 ZS x 2 prestataires =  2140 prestataires",NA,tbfr,TB/HIV,TB/HIV collaborative interventions
TB/HIV,TB/HIV collaborative interventions,tuberculosevih,interventionsconjointesdeluttecontrelatuberculoseetlevih,2.1 Indemnités journalières liés à la formation/transports/autres coûts,"Former les prestataires des formation sanitaires au niveau de la ZS dans les 9 provinces sur les nouvelles directives (One stop shop TB/VIH, algoritmes TB et recherche de cas contacts, TB-MR, TB pediatrique, contrôle de l'infection)",NA,tbfr,TB/HIV,TB/HIV collaborative interventions
TB/HIV,TB/HIV collaborative interventions,tuberculosevih,priseenchargecommunautairedelatuberculose,2.1 Indemnités journalières liés à la formation/transports/autres coûts,Soutenir 30 OAC en leur apportant un appui institutionnel et organisationnel au rythme trimestriel,29160,hivfr,TB/HIV,TB/HIV collaborative interventions
TB care and prevention,Treatment,priseenchargeetpreventiondelatuberculose,traitement,7.3 Coûts d'entreposage et de stockage,Frais de gestion et de stockage,NA,tbfr,TB care and prevention,Treatment
TB care and prevention,Treatment,priseenchargeetpreventiondelatuberculose,traitement,7.6 Dédouanement lié à la GAS,Payer les frais de transitaires des  médicaments de 1ère intention pour catégorie I et III: 257704 cures adultes.,193469.328,tbfr,TB care and prevention,Treatment
"Treatment, care and support",Treatment monitoring - drug resistance surveillance,tratamientoatencionyapoyo,observanciadeltratamiento,"2.2 Viáticos, transporte y otros costos relacionados con asistencia técnica",Paquete de material didactico para actividades para SR tipo A para region Central,0,hivesp,"Treatment, care and support",Treatment monitoring - drug resistance surveillance
"Treatment, care and support",Treatment monitoring - drug resistance surveillance,traitementpriseenchargeetsoutien,priseenchargeduvih,2.4 Indemnités journalières liés à la sensibilisation/ transport/réunion/ et autres coût,Appuyer les réunions mensuelles des comités therapeurtiques dans les FOSA à gros volume (problème d'éducation prétherapeutique et liens des services de soins) dans les 354 ZS appuyées par le FM.,12744,hivfr,TB care and prevention,Treatment
"Treatment, care and support",Treatment monitoring - drug resistance surveillance,traitementpriseenchargeetsoutien,priseenchargeduvih,2.4 Indemnités journalières liés à la sensibilisation/ transport/réunion/ et autres coût,Appuyer les réunions mensuelles des comités therapeurtiques dans les FOSA à gros volume (problème d'éducation prétherapeutique et liens des services de soins) dans les 354 ZS appuyées par le FM.,12744,hivfr,TB care and prevention,Treatment
"Treatment, care and support",Treatment monitoring - Viral load,tratamientoatencionyapoyo,observanciadeltratamiento,12.2 Paquetes de nutrición y asistencia,Compra para 112 personas para 6 meses (670 cajas) de ayuda alimentaria para asistencia alimentaria (adultos y niños),NA,hivesp,"Treatment, care and support",Treatment monitoring - Viral load
"Treatment, care and support",Treatment monitoring - Viral load,tratamientoatencionyapoyo,observanciadeltratamiento,12.5 Otros costos relacionados con el apoyo económico a clientes y grupos de población destinatarios meta,Componente de trasnporte a pacientes para referencia - SR tipo  A para region Central,NA,hivesp,"Treatment, care and support",Treatment monitoring - Viral load
"Treatment, care and support",Treatment monitoring - Viral load,traitementpriseenchargeetsoutien,suividutraitementchargevirale,2.1 Indemnités journalières liés à la formation/transports/autres coûts,Former 2 personnel de laboratoire (Kisangani)  en Afrique du Sud sur la CV et EID,NA,hivfr,"Treatment, care and support",Treatment monitoring - Viral load
"Treatment, care and support",Treatment monitoring - Viral load,traitementpriseenchargeetsoutien,suividutraitementchargevirale,5.6 Réactifs de laboratoire,Charge Virale (CV),NA,hivfr,"Treatment, care and support",Treatment monitoring - Viral load
Multidrug-resistant TB,Treatment: MDR-TB,paqueteparatbmr,tratamientotbmr,4.2 Medicamentos contra la tuberculosis,Adquisición de medicamentos de segunda línea para pacientes TB-MDR,NA,tbesp,Multidrug-resistant TB,Treatment: MDR-TB
Multidrug-resistant TB,Treatment: MDR-TB,paqueteparatbmr,tratamientotbmr,4.2 Medicamentos contra la tuberculosis,Adquisición de medicamentos de segunda línea para pacientes TB-MDR,52526.033,tbesp,Multidrug-resistant TB,Treatment: MDR-TB
Multidrug-resistant TB,Treatment: MDR-TB,tuberculosemultiresistante,traitementtuberculosemultiresistante,4.2 Médicaments antituberculeux,"Acquérir des médicaments de 2ème ligne pour traiter 62 patients XDR en 2018, 75 en 2019 et 88 en 2020",NA,tbfr,Multidrug-resistant TB,Treatment: MDR-TB
Multidrug-resistant TB,Treatment: MDR-TB,tuberculosemultiresistante,traitementtuberculosemultiresistante,7.1 coût d'agent et de manutention,Frais d'approvisionnement pour les produits TB de multi-résistance,NA,tbfr,Multidrug-resistant TB,Treatment: MDR-TB
"Prevention programs for adolescents and youth, in and out of school",Behavioral change as part of programs for adolescent and youth,preventionprogramsforadolescentsandyouthinandoutofschool,behavioralchangeaspartofprogramsforadolescentandyouth,2.1 Training related per diems/transport/other costs,Train selected teachers and peers to impart skills for behavior change to students and teachers:,0,hiveng,"Prevention programs for adolescents and youth, in and out of school",Behavioral change as part of programs for adolescent and youth
Comprehensive prevention programs for sex workers and their clients,Behavioral interventions for sex workers,preventionprogramsforsexworkersandtheirclients,behavioralchangeaspartofprogramsforsexworkersandtheirclients,2.1 Training related per diems/transport/other costs,PLACE - Re-orientation and Review Meetings,NA,hiveng,Comprehensive prevention programs for sex workers and their clients,Behavioral interventions for sex workers
Comprehensive prevention programs for sex workers and their clients,Behavioral interventions for sex workers,programmesdepreventioncompletsdestinesauxprofessionnelsdusexeetsleursclients,interventionspourlechangementdecomportementciblantlesprofessionnelsdusexe,2.1 Indemnités journalières liés à la formation/transports/autres coûts,"Former les pairs éducateurs Professionnels du Sexe et leurs clients sur le VIH, IST, SGBV et les pratiques sexuelles moins risquées",2457,hivfr,Comprehensive prevention programs for sex workers and their clients,Behavioral interventions for sex workers
Comprehensive prevention programs for transgender people,Behavioral interventions for transgender people,programmesdepreventioncompletsdestinesauxtransgenres,interventionspourlechangementdecomportementparmilestransgenres,2.4 Indemnités journalières liés à la sensibilisation/ transport/réunion/ et autres coût,Organiser 2 rencontres( par an ) spéciales avec les Transgenres pendant la JMS (journée internationale sida),0,hivfr,Comprehensive prevention programs for transgender people,Community empowerment for transgender people
Multidrug-resistant TB,Collaborative activities with other programs and sectors (MDR-TB),mdrtb,collaborativeactivitieswithotherprogramsandsectorsmdrtb,3.0 External Professional services (EPS),Procure Technical Assistance  (Green Light Committee) in MDR management inline with GF/WHO requirements,0,tbeng,Multidrug-resistant TB,Collaborative activities with other programs and sectors (MDR-TB)
"Prevention programs for adolescents and youth, in and out of school",Community mobilization and norms change,preventionprogramsforadolescentsandyouthinandoutofschool,communitymobilizationandnormschange,2.3 Supervision/surveys/data collection related per diems/transport/other costs,Facilitate the process of identifying and reaching consensus on the final list of indicators to be included in the national system for routine reporting,NA,hiveng,"Prevention programs for adolescents and youth, in and out of school",Community mobilization and norms change
Specific prevention interventions,Intermittent preventive treatment - In pregnancy,interventionsdepreventionspecifiques,traitementpreventifintermittentfemmesenceintes,7.1 coût d'agent et de manutention,PPM fees SP,NA,malariafr,Specific prevention interventions,Intermittent preventive treatment - In pregnancy
Specific prevention interventions,Intermittent preventive treatment - In pregnancy,interventionsdepreventionspecifiques,traitementpreventifintermittentfemmesenceintes,7.4 Coûts de distribution dans le pays,Assurer le paiement des transporteurs des SP pour le TPI des FOSAs des portes d'entrées vers les 19 CDRs,1670.705195,malariafr,Specific prevention interventions,Intermittent preventive treatment - In pregnancy
Comprehensive prevention programs for sex workers and their clients,"Pre-exposure prophylaxis
(PrEP) for sex workers",mdrtb,keyaffectedpopulations,2.5 Other Transportation costs,Facilitate successfully treated MDR patients that will support other MDR patients,13305.6,hiveng,TB/HIV,TB/HIV
Comprehensive prevention programs for sex workers and their clients,"Pre-exposure prophylaxis
(PrEP) for sex workers",mdrtb,keyaffectedpopulations,2.5 Other Transportation costs,Facilitate successfully treated MDR patients that will support other MDR patients,26611.2,hiveng,TB/HIV,TB/HIV
Case management,Severe malaria,casemanagement,severemalaria,4.7 Other medicines,"Procurement of Artesunate for PR2
(60mg - Vial-1 +diluent)",1085771.666,malariaeng,Case management,Severe malaria
Case management,Severe malaria,casemanagement,severemalaria,7.0 Procurement and Supply-Chain Management costs (PSM),PSM costs - Injectable Artesunate,1557530.035,malariaeng,Case management,Severe malaria
Case management,Severe malaria,priseencharge,paludismegrave,4.3 Antipaludéens,Assurer le paiement des fournisseurs pour Artesunate Injectable 60mg,0,malariafr,Case management,Severe malaria
Case management,Severe malaria,priseencharge,paludismegrave,5.8 Autres consommables,Assurer le paiement des fournisseurs pour les Seringues 10ml  pour les FOSAs,NA,malariafr,Case management,Severe malaria
Case management,Severe malaria,priseencharge,paludismegrave,7.3 Coûts d'entreposage et de stockage,Stockage des Artésunates injectables  au niveau des CDRs,NA,malariafr,Case management,Severe malaria
Case management,Severe malaria,priseencharge,paludismegrave,7.3 Coûts d'entreposage et de stockage,Stockage des Artésunates injectables  au niveau des CDRs,NA,malariafr,Case management,Severe malaria
Case management,Severe malaria,priseencharge,paludismegrave,7.3 Coûts d'entreposage et de stockage,"Stockage des Seringue 10 ml avec Aiguille 21G x 1,5 au niveau des CDRs",NA,malariafr,Case management,Severe malaria
Case management,Severe malaria,priseencharge,paludismegrave,7.3 Coûts d'entreposage et de stockage,"Stockage des Seringue 10 ml avec Aiguille 21G x 1,5 au niveau des CDRs",NA,malariafr,Case management,Severe malaria
Comprehensive prevention programs for people who inject drugs and their partners,Behavioral interventions for people who inject drugs,programmesdepreventioncompletsdestinesauxusagersdedroguesinjectablesetsleurspartenaires,interventionspourlechangementdecomportementciblantlesusagersdedroguesinjectables,"10.1 Supports imprimés (formulaires, livres, directives, brochure, dépliants...)","Produire les matériels éducatifs et promotionnels adaptés aux besoins des UDI comprenant la prévention et la prise en charge des IST et VIH,  des effets nefastes de la consommation prolongée des drogues injectables, les droits humains, l'autonomisation et le genre (Boite à image, affiches, dépliants)",0,hivfr,Comprehensive prevention programs for people who inject drugs and their partners,Behavioral interventions for people who inject drugs
Comprehensive prevention programs for people who inject drugs and their partners,Behavioral interventions for people who inject drugs,programmesdepreventioncompletsdestinesauxusagersdedroguesinjectablesetsleurspartenaires,interventionspourlechangementdecomportementciblantlesusagersdedroguesinjectables,3.4 Autres services professionnels externes,Developper un Plan Intégré de Communication (PIC) pour les UDI,0,hivfr,Comprehensive prevention programs for people who inject drugs and their partners,Behavioral interventions for people who inject drugs
TB/HIV,Community TB/HIV care delivery,tuberculosevih,priseenchargecommunautairedelatuberculose,2.1 Indemnités journalières liés à la formation/transports/autres coûts,Former 110 prestataires des prisons dans la recherche de la tuberculose,NA,tbfr,TB/HIV,Community TB/HIV care delivery
Comprehensive prevention programs for sex workers and their clients,HIV testing services for sex workers,preventionprofessionnelsdusexeetleursclients,depistageduvihetconseildanslecadredesprogrammesdestinesauxprofessionnelsdusexeetsleursclients,2.4 Indemnités journalières liés à la sensibilisation/ transport/réunion/ et autres coût,Organiser  séances de sensibilisation des PS sur l'utilisation des services des CPN et des pratiquées sexuelles moins risquées ainsi que les SGBV,577.7718927,hivfr,Comprehensive prevention programs for sex workers and their clients,HIV testing services for sex workers
Comprehensive prevention programs for sex workers and their clients,HIV testing services for sex workers,preventionprofessionnelsdusexeetleursclients,depistageduvihetconseildanslecadredesprogrammesdestinesauxprofessionnelsdusexeetsleursclients,8.2 Rénovation/constructions,Rehabiliter 6 centres conviviaux espaces,NA,hivfr,Comprehensive prevention programs for sex workers and their clients,HIV testing services for sex workers
Comprehensive prevention programs for men who have sex with men,Interventions for young men who have sex with men,preventionhsmettransgenres,diagnosticettraitementdesinfectionssexuellementtransmissiblesdanslecadredesprogrammesdestinesauxhommesayantdesrapportssexuelsavecdeshommesetauxtransgenres,7.4 Coûts de distribution dans le pays,distribution dans le pays,NA,hivfr,Comprehensive prevention programs for men who have sex with men,Interventions for young men who have sex with men
Performance Based Financing,Performance Based Financing,financementfondesurlesresultats,all,all,All,0,hivfr,Performance Based Financing,Performance Based Financing
Vector control,Vector control,interventionsdepreventionsspecifiques,all,all,All,6300.476837,malariafr,Vector control,Vector control
